model,val_dataset,method,mean
CLAM,TCGA,concat,0.6164756228029955
CLAM-Late,TCGA,max,0.6036527586733914
CSMIL,TCGA,linear,0.5921901268531256
DSMIL,TCGA,min,0.5856029344337459
DTFD,TCGA,min,0.6106831728564879
MAMIL,TCGA,mul,0.6224361913495339
MINET-DS,TCGA,linear,0.5497172550817668
MMIL,TCGA,x20,0.568363136176066
TransMIL,TCGA,linear,0.5840898670334709
