model,val_dataset,method,mean
clam,tcga,min,0.6718377088305489
csmil,tcga,x10,0.5718973747016707
dsmil,tcga,mean,0.6831742243436755
dtfd,tcga,concat,0.6472553699284009
mamil,tcga,mul,0.6471957040572792
minet_ds,tcga,concat,0.3291169451073986
mmil,tcga,concat,0.6965990453460621
transmil,tcga,max,0.652326968973747
