model,val_dataset,method,mean
clam,tcga,mean,0.6564439140811456
csmil,tcga,min,0.5715990453460621
dsmil,tcga,x10,0.6827565632458235
dtfd,tcga,x10,0.6298329355608592
mamil,tcga,x10,0.6452267303102626
minet_ds,tcga,min,0.3190334128878281
mmil,tcga,mul,0.6255966587112172
transmil,tcga,concat,0.6509546539379475
