model,val_dataset,method,mean
CLAM,TCGA,linear,0.5716185236130216
CLAM-Late,TCGA,mul,0.5840745835243772
CSMIL,TCGA,linear,0.552842732691426
DSMIL,TCGA,linear,0.586535228488461
DTFD,TCGA,linear,0.5517499617912273
MAMIL,TCGA,linear,0.563273727647868
MINET-DS,TCGA,linear,0.5253706250955219
MMIL,TCGA,linear,0.5765703805593765
TransMIL,TCGA,lse,0.5328136940241479
