model,val_dataset,method,mean
CLAM,TCGA,concat,0.5705945285037444
CLAM-Late,TCGA,max,0.5786336542870243
CSMIL,TCGA,mul,0.4983493810178817
DSMIL,TCGA,concat,0.5799480360690815
DTFD,TCGA,max,0.5467675378266851
MAMIL,TCGA,concat,0.5626471037750267
MINET-DS,TCGA,concat,0.5240256762952774
MMIL,TCGA,concat,0.5757450710683173
TransMIL,TCGA,max,0.5311019410056549
