model,val_dataset,method,mean
clam,,max,0.6844713375796179
csmil,,mean,0.6522356687898089
dsmil,,target,0.6669108280254777
dtfd,,mul,0.652031847133758
mamil,,mul,0.6552356687898089
minet_ds,,min,0.6623566878980892
mmil,,target,0.6560127388535032
transmil,,target,0.6563566878980891
